,date,ML2,ADM0_EN,ADM1_EN,ADM2_EN
0,2009-07-01,3,Ethiopia,Somali,Afder
302,2009-07-01,2,Ethiopia,Gambela,Agnewak
2,2009-07-01,3,Ethiopia,SNNP,Alle
3,2009-07-01,3,Ethiopia,SNNP,Amaro
305,2009-07-01,2,Ethiopia,Oromia,Arsi
5,2009-07-01,3,Ethiopia,Oromia,Bale
126,2009-07-01,1,Ethiopia,SNNP,Basketo
310,2009-07-01,2,Ethiopia,Oromia,Borena
8,2009-07-01,3,Ethiopia,SNNP,Burji
9,2009-07-01,3,Ethiopia,Somali,Daawa
10,2009-07-01,3,Ethiopia,SNNP,Derashe
321,2009-07-01,2,Ethiopia,Oromia,East Hararge
324,2009-07-01,2,Ethiopia,Tigray,Eastern
46,2009-07-01,4,Ethiopia,Somali,Erer
329,2009-07-01,2,Ethiopia,SNNP,Gamo
15,2009-07-01,3,Ethiopia,SNNP,Gedeo
331,2009-07-01,2,Ethiopia,SNNP,Gofa
17,2009-07-01,3,Ethiopia,Oromia,Guji
145,2009-07-01,1,Ethiopia,SNNP,Kefa
19,2009-07-01,3,Ethiopia,SNNP,Konso
148,2009-07-01,1,Ethiopia,SNNP,Konta Special
21,2009-07-01,3,Ethiopia,Somali,Liban
351,2009-07-01,2,Ethiopia,SNNP,Mirab Omo
50,2009-07-01,4,Ethiopia,Somali,Nogob
355,2009-07-01,2,Ethiopia,Amhara,North Wello
357,2009-07-01,2,Ethiopia,Gambela,Nuwer
358,2009-07-01,2,Ethiopia,Amhara,Oromia
52,2009-07-01,4,Ethiopia,Somali,Shabelle
359,2009-07-01,2,Ethiopia,SNNP,Sidama
362,2009-07-01,2,Ethiopia,Tigray,South Eastern
363,2009-07-01,2,Ethiopia,Amhara,South Gondar
31,2009-07-01,3,Ethiopia,SNNP,South Omo
365,2009-07-01,2,Ethiopia,Amhara,South Wello
367,2009-07-01,2,Ethiopia,Tigray,Southern
368,2009-07-01,2,Ethiopia,Amhara,Wag Hamra
369,2009-07-01,2,Ethiopia,Oromia,West Arsi
370,2009-07-01,2,Ethiopia,Oromia,West Guji
371,2009-07-01,2,Ethiopia,Oromia,West Hararge
377,2009-07-01,2,Ethiopia,Afar,Zone 1 (Awsi Rasu)
39,2009-07-01,3,Ethiopia,Afar,Zone 2 (Kilbet Rasu)
40,2009-07-01,3,Ethiopia,Afar,Zone 4 (Fantana Rasu)
44,2009-07-01,4,Ethiopia,Somali,Doolo
327,2009-07-01,2,Ethiopia,Somali,Fafan
48,2009-07-01,4,Ethiopia,Somali,Jarar
49,2009-07-01,4,Ethiopia,Somali,Korahe
132,2009-07-01,1,Ethiopia,Amhara,East Gojam
326,2009-07-01,2,Ethiopia,Gambela,Etang Special woreda
136,2009-07-01,1,Ethiopia,Oromia,Finfine Special
349,2009-07-01,2,Ethiopia,Tigray,Mekele Special
353,2009-07-01,2,Ethiopia,Amhara,North Shewa
66,2009-07-01,99,Ethiopia,Addis Ababa,Region 14
361,2009-07-01,2,Ethiopia,Somali,Siti
165,2009-07-01,1,Ethiopia,Amhara,West Gojam
127,2009-07-01,1,Ethiopia,SNNP,Bench Maji
318,2009-07-01,2,Ethiopia,Dire Dawa,Dire Dawa rural
322,2009-07-01,2,Ethiopia,Oromia,East Shewa
143,2009-07-01,1,Ethiopia,Oromia,Ilu Aba Bora
150,2009-07-01,1,Ethiopia,Gambela,Mejenger
379,2009-07-01,2,Ethiopia,Afar,Zone 3 (Gabi Rasu)
381,2009-07-01,2,Ethiopia,Afar,Zone 5 (Hari Rasu)
123,2009-07-01,1,Ethiopia,Benishangul Gumz,Asosa
124,2009-07-01,1,Ethiopia,Amhara,Awi
129,2009-07-01,1,Ethiopia,Oromia,Buno Bedele
130,2009-07-01,1,Ethiopia,Amhara,Central Gondar
316,2009-07-01,2,Ethiopia,SNNP,Dawuro
134,2009-07-01,1,Ethiopia,Oromia,East Wellega
333,2009-07-01,2,Ethiopia,SNNP,Guraghe
334,2009-07-01,2,Ethiopia,SNNP,Hadiya
142,2009-07-01,1,Ethiopia,Oromia,Horo Gudru Wellega
144,2009-07-01,1,Ethiopia,Oromia,Jimma
146,2009-07-01,1,Ethiopia,Oromia,Kelem Wellega
147,2009-07-01,1,Ethiopia,Benishangul Gumz,Kemashi
149,2009-07-01,1,Ethiopia,Benishangul Gumz,Mao Komo Special
151,2009-07-01,1,Ethiopia,Benishangul Gumz,Metekel
352,2009-07-01,2,Ethiopia,Amhara,North Gondar
354,2009-07-01,2,Ethiopia,Oromia,North Shewa
356,2009-07-01,2,Ethiopia,Tigray,North Western
158,2009-07-01,1,Ethiopia,SNNP,Sheka
163,2009-07-01,1,Ethiopia,Oromia,South West Shewa
166,2009-07-01,1,Ethiopia,Amhara,West Gondar
372,2009-07-01,2,Ethiopia,Oromia,West Shewa
169,2009-07-01,1,Ethiopia,Oromia,West Wellega
170,2009-07-01,1,Ethiopia,Tigray,Western
171,2009-07-01,1,Ethiopia,SNNP,Yem Special
313,2009-07-01,2,Ethiopia,Tigray,Central
319,2009-07-01,2,Ethiopia,Dire Dawa,Dire Dawa urban
335,2009-07-01,2,Ethiopia,SNNP,Halaba Special
336,2009-07-01,2,Ethiopia,Harari,Harari
343,2009-07-01,2,Ethiopia,SNNP,Kembata Tibaro
360,2009-07-01,2,Ethiopia,SNNP,Siltie
375,2009-07-01,2,Ethiopia,SNNP,Wolayita
72,2009-10-01,3,Ethiopia,Somali,Afder
73,2009-10-01,3,Ethiopia,Gambela,Agnewak
74,2009-10-01,3,Ethiopia,SNNP,Alle
75,2009-10-01,3,Ethiopia,SNNP,Amaro
232,2009-10-01,2,Ethiopia,Oromia,Arsi
76,2009-10-01,3,Ethiopia,Oromia,Bale
178,2009-10-01,1,Ethiopia,SNNP,Basketo
78,2009-10-01,3,Ethiopia,Oromia,Borena
79,2009-10-01,3,Ethiopia,SNNP,Burji
80,2009-10-01,3,Ethiopia,Somali,Daawa
81,2009-10-01,3,Ethiopia,SNNP,Derashe
246,2009-10-01,2,Ethiopia,Oromia,East Hararge
249,2009-10-01,2,Ethiopia,Tigray,Eastern
87,2009-10-01,3,Ethiopia,Somali,Erer
254,2009-10-01,2,Ethiopia,SNNP,Gamo
255,2009-10-01,2,Ethiopia,SNNP,Gedeo
256,2009-10-01,2,Ethiopia,SNNP,Gofa
91,2009-10-01,3,Ethiopia,Oromia,Guji
199,2009-10-01,1,Ethiopia,SNNP,Kefa
94,2009-10-01,3,Ethiopia,SNNP,Konso
202,2009-10-01,1,Ethiopia,SNNP,Konta Special
96,2009-10-01,3,Ethiopia,Somali,Liban
272,2009-10-01,2,Ethiopia,SNNP,Mirab Omo
99,2009-10-01,3,Ethiopia,Somali,Nogob
276,2009-10-01,2,Ethiopia,Amhara,North Wello
102,2009-10-01,3,Ethiopia,Gambela,Nuwer
279,2009-10-01,2,Ethiopia,Amhara,Oromia
104,2009-10-01,3,Ethiopia,Somali,Shabelle
280,2009-10-01,2,Ethiopia,SNNP,Sidama
283,2009-10-01,2,Ethiopia,Tigray,South Eastern
284,2009-10-01,2,Ethiopia,Amhara,South Gondar
285,2009-10-01,2,Ethiopia,SNNP,South Omo
286,2009-10-01,2,Ethiopia,Amhara,South Wello
288,2009-10-01,2,Ethiopia,Tigray,Southern
289,2009-10-01,2,Ethiopia,Amhara,Wag Hamra
290,2009-10-01,2,Ethiopia,Oromia,West Arsi
291,2009-10-01,2,Ethiopia,Oromia,West Guji
292,2009-10-01,2,Ethiopia,Oromia,West Hararge
112,2009-10-01,3,Ethiopia,Afar,Zone 1 (Awsi Rasu)
113,2009-10-01,3,Ethiopia,Afar,Zone 2 (Kilbet Rasu)
115,2009-10-01,3,Ethiopia,Afar,Zone 4 (Fantana Rasu)
83,2009-10-01,3,Ethiopia,Somali,Doolo
89,2009-10-01,3,Ethiopia,Somali,Fafan
93,2009-10-01,3,Ethiopia,Somali,Jarar
95,2009-10-01,3,Ethiopia,Somali,Korahe
185,2009-10-01,1,Ethiopia,Amhara,East Gojam
88,2009-10-01,3,Ethiopia,Gambela,Etang Special woreda
190,2009-10-01,1,Ethiopia,Oromia,Finfine Special
271,2009-10-01,2,Ethiopia,Tigray,Mekele Special
274,2009-10-01,2,Ethiopia,Amhara,North Shewa
387,2009-10-01,99,Ethiopia,Addis Ababa,Region 14
105,2009-10-01,3,Ethiopia,Somali,Siti
220,2009-10-01,1,Ethiopia,Amhara,West Gojam
179,2009-10-01,1,Ethiopia,SNNP,Bench Maji
243,2009-10-01,2,Ethiopia,Dire Dawa,Dire Dawa rural
247,2009-10-01,2,Ethiopia,Oromia,East Shewa
197,2009-10-01,1,Ethiopia,Oromia,Ilu Aba Bora
205,2009-10-01,1,Ethiopia,Gambela,Mejenger
114,2009-10-01,3,Ethiopia,Afar,Zone 3 (Gabi Rasu)
116,2009-10-01,3,Ethiopia,Afar,Zone 5 (Hari Rasu)
175,2009-10-01,1,Ethiopia,Benishangul Gumz,Asosa
176,2009-10-01,1,Ethiopia,Amhara,Awi
181,2009-10-01,1,Ethiopia,Oromia,Buno Bedele
183,2009-10-01,1,Ethiopia,Amhara,Central Gondar
241,2009-10-01,2,Ethiopia,SNNP,Dawuro
187,2009-10-01,1,Ethiopia,Oromia,East Wellega
258,2009-10-01,2,Ethiopia,SNNP,Guraghe
259,2009-10-01,2,Ethiopia,SNNP,Hadiya
196,2009-10-01,1,Ethiopia,Oromia,Horo Gudru Wellega
198,2009-10-01,1,Ethiopia,Oromia,Jimma
200,2009-10-01,1,Ethiopia,Oromia,Kelem Wellega
201,2009-10-01,1,Ethiopia,Benishangul Gumz,Kemashi
204,2009-10-01,1,Ethiopia,Benishangul Gumz,Mao Komo Special
206,2009-10-01,1,Ethiopia,Benishangul Gumz,Metekel
273,2009-10-01,2,Ethiopia,Amhara,North Gondar
275,2009-10-01,2,Ethiopia,Oromia,North Shewa
277,2009-10-01,2,Ethiopia,Tigray,North Western
213,2009-10-01,1,Ethiopia,SNNP,Sheka
218,2009-10-01,1,Ethiopia,Oromia,South West Shewa
221,2009-10-01,1,Ethiopia,Amhara,West Gondar
293,2009-10-01,2,Ethiopia,Oromia,West Shewa
224,2009-10-01,1,Ethiopia,Oromia,West Wellega
225,2009-10-01,1,Ethiopia,Tigray,Western
226,2009-10-01,1,Ethiopia,SNNP,Yem Special
238,2009-10-01,2,Ethiopia,Tigray,Central
244,2009-10-01,2,Ethiopia,Dire Dawa,Dire Dawa urban
260,2009-10-01,2,Ethiopia,SNNP,Halaba Special
261,2009-10-01,2,Ethiopia,Harari,Harari
266,2009-10-01,2,Ethiopia,SNNP,Kembata Tibaro
281,2009-10-01,2,Ethiopia,SNNP,Siltie
295,2009-10-01,2,Ethiopia,SNNP,Wolayita
